,Datetime,Tweet Id,Text,Username
0,2022-02-23 16:52:25+00:00,1496528382644862979,"Russia's invasion violates the basic right of self-determination. Strong sanctions can help deter Russia, but Pres Biden must also permit increased domestic energy production. Otherwise these sanctions will further increase energy prices for Americans already suffering inflation. https://t.co/59pV9fYqaA",JayObernolte
1,2022-02-21 15:35:31+00:00,1495784256446296065,Today we remember the service of two of America's greatest presidents â€“ one who established this nation and one who fought to keep it. Happy Birthday to these great Americans! https://t.co/0iCQVvgBLR,JayObernolte
2,2022-02-19 14:30:41+00:00,1495043164188684294,"On Feb. 19, 1942, President Roosevelt authorized the mass incarceration of over 120,000 Japanese Americans. #CA08's Manzanar Relocation Center is part of that heartbreaking history. Today, on the 80th anniversary, let us all commit to ensuring such injustice never again occurs. https://t.co/MBMeSPfoft",JayObernolte
3,2022-02-18 15:12:56+00:00,1494691407365349387,"According to the new Department of Labor report, prices continued to rise at record rates in January, hurting American families at the grocery store and the gas pump. Congress must act now to reverse this trend by ending reckless government spending and... https://t.co/EId5QHaqtJ https://t.co/YurtXrCcfl",JayObernolte
4,2022-02-18 03:30:03+00:00,1494514523692224521,"Tyler Wallasch has been skiing at Mammoth Mountain since he was two. Now, his Olympic journey begins with the Ski Cross in Beijing. Congratulations @TJWallasch! #CA08 is rooting for you. #RaisedHere https://t.co/Kv13AIajaO https://t.co/5JhNsQm4en",JayObernolte
5,2022-02-17 17:38:48+00:00,1494365731173146627,"I am very pleased that my bill to create a Japanese American WWII History Network passed Natural Resources Cmte. This @natlparkservice network will help ensure stories of +120,000 American citizens are heard &amp; remembered as part of our nation's history. https://t.co/9VNmsDbetU https://t.co/GDWZea1RQ6",JayObernolte
6,2022-02-16 22:08:34+00:00,1494071229472555010,"The debt limit forces Congress to discuss how we plan to pay back the trillions we're borrowing. According to @USCBO, unless something changes, in 30yrs we will spend over half of federal tax revenue just paying interest on the debt. The process isnâ€™t broken- Congress is.",JayObernolte
7,2022-02-16 22:06:37+00:00,1494070740336926727,"Today House Budget Committee held a hearing on possible removal of the federal debt limit. Unfortunately, itâ€™s clear that doing so would enable more deficit spending, not address the larger problem of our rapidly rising national debt (now at over $90,000 for every American). https://t.co/HRn0Y649yp",JayObernolte
8,2022-02-15 19:22:20+00:00,1493667008214441987,"Inflation in January reached an alarming 7.5%. Because the average worker only received a 3% raise last year, real hourly earnings have actually declined, leaving more and more Americans struggling to pay their bills. https://t.co/oLnNayDhBW",JayObernolte
9,2022-02-15 15:52:11+00:00,1493614122826665986,Last weekend 13 police officers were shot and wounded across the country in just 24 hours. This war on our police cannot continue. Our law enforcement officers risk their lives to keep our community safe. They deserve our support in return. https://t.co/TSs5Y57R5E,JayObernolte
10,2022-02-15 00:29:06+00:00,1493381820527915008,"Dusty Henriksen grew up in #CA08's Big Bear until he was 12 then moved to Mammoth Lakes. Now, he's a United States Olympian. Congratulations Dusty! #RaisedHere https://t.co/qNCUx4ZSgW",JayObernolte
11,2022-02-14 15:37:00+00:00,1493247913354575875,"According to this weekâ€™s report from the Department of Labor, the last time inflation was this high I was sporting a mullet- it was 1982. https://t.co/e6P0qoDAXB",JayObernolte
12,2022-02-11 17:48:07+00:00,1492193746636746753,"This week I joined my colleagues to recognize the dedication of law enforcement officers in #CA08 &amp; across our country. Despite 346 shootings of officers &amp; record levels of violent crime, these men &amp; women continue to go above &amp; beyond the call of duty to protect our community. https://t.co/9cbcPq5zJK",JayObernolte
13,2022-02-11 01:52:06+00:00,1491953157819228160,#CA08 competitor Alix Wilkinson of Mammoth Lakes made the U.S. Olympic Team for the first time following a personal best in the downhill at this year's World Cup. Congratulations Alix! We will be cheering you on. #RaisedHere https://t.co/9Vw2YUZaT7 https://t.co/4aErrEteP3,JayObernolte
14,2022-02-09 23:33:34+00:00,1491555908333232130,Monday marked the legal deadline for POTUS to submit his FY23 budget to Congress. Unfortunately we have yet to receive it. Budgeting is the vital process of adjusting our revenue &amp; expenditures to plan for the future. Failing to even introduce a budget is no way to run a country.,JayObernolte
15,2022-02-09 14:38:18+00:00,1491421203332222979,"#CA08 native @maddie_mastro from Wrightwood competed in the Olympics last night in the Womenâ€™s Halfpipe! Maddie, we are proud of you and all you have accomplished. #RaisedHere https://t.co/ibQ52UFNvo",JayObernolte
16,2022-02-08 19:12:40+00:00,1491127858978496512,I was proud to support a bill yesterday that will give small business owners a fair shot to win federal contracts and grow their businesses. Ensuring that our small businesses have equal opportunities to procure federal contracts is critical to our countryâ€™s economic health.,JayObernolte
17,2022-02-07 22:54:23+00:00,1490821269088002048,"Last year's 97 fentanyl-related deaths in San Bernardino County are the direct result of the southern border crisis. While fentanyl seizures at the border increased 134%, @sbcountysheriff seized more than $26 million of fentanyl that made it to our streets. https://t.co/mMMr4cI93x",JayObernolte
18,2022-02-07 16:40:31+00:00,1490727184989884420,"Our national debt passed $30T for the first time ever last week. This reckless deficit spending is hurting every American, with paychecks across our country worth less today than yesterday. We must stop the spending spree, balance the budget, and put our economy back on track. https://t.co/GzfLIrhQv5",JayObernolte
19,2022-02-04 17:50:15+00:00,1489657569119506432,"The America COMPETES Act abandons the productive bipartisan work of the past year in favor of a nearly 3,000-page bill with numerous unrelated provisions &amp; a bloated $325 billion price tag. This bill is not a serious proposal. We must return to the work we set out to accomplish. https://t.co/H2OnEb5HjX",JayObernolte
20,2022-02-03 23:31:21+00:00,1489381022764568581,My bill to create a @NatlParkService Japanese American World War II History Network to connect and highlight sites such as Manzanar in CA-08 has received rapid traction with a hearing today in @NatResources. Tune in to the full hearing here: https://t.co/ox81qaUGRl https://t.co/JjSLQWXGDY,JayObernolte
21,2022-02-03 16:52:35+00:00,1489280666508345350,"Shockingly, Fentanyl deaths in @SBCounty increased 656% since 2018. Unfortunately my colleagues blocked a vote yesterday on HALT Fentanyl Act, which would make the emergency class-wide scheduling order expiring on Feb. 18 permanent. We need action now to keep our community safe. https://t.co/lgYMYTZgFl",JayObernolte
22,2022-02-01 17:27:02+00:00,1488564564136505346,"I was proud to see CA's first renewable natural gas facility commissioned in Victorville. We need to adopt an all-of-the above approach to produce clean, reliable &amp; affordable energy. When we produce energy domestically, we improve national security &amp; decrease global emissions. https://t.co/p5QmnakGRw",JayObernolte
23,2022-02-01 15:37:49+00:00,1488537076224176133,Don't forget! I will be hosting a telephone town hall TONIGHT at 5:00 pm PT for #CA08 constituents. The purpose of the event is to hear from YOU about the issues affecting our community. Sign up on my website to make sure you're able to join the call: https://t.co/AjLoqhCqzY https://t.co/B9kSiWBJtf,JayObernolte
24,2022-01-31 19:55:59+00:00,1488239660136648706,My office will be hosting a telephone town hall TOMORROW at 5:00 pm PT for #CA08 constituents. Sign up in advance to be added to the call here: https://t.co/AjLoqhCqzY https://t.co/H71yw5IX66,JayObernolte
25,2022-01-31 16:49:07+00:00,1488192634384523266,Local investments in projects like Twentynine Palms' Project Phoenix are critical to improving our community &amp; bringing new opportunities to #CA08. Thank you to @cityof29palms Mayor Karmolette O'Gilvie &amp; Mayor Pro Tem McArthur Wright for walking me through this exciting project! https://t.co/qKCYBWgmOU,JayObernolte
26,2022-01-29 21:09:37+00:00,1487533415490637829,"Last weekend the Barstow community laid to rest Fire Engineer David Spink, who died serving the community where he was raised and lived for 32 years. Thank you to all who attended to honor David's service. https://t.co/DFAJ19grCF",JayObernolte
27,2022-01-29 01:47:33+00:00,1487240971469340672,"The creation of a @NatlParkService Japanese American WWII History Network will help tell the stories of the more than 120,000 Japanese Americans who were unjustly imprisoned in American concentration camps in places like #CA08's Manzanar Relocation Center. https://t.co/paoFypp1cy",JayObernolte
28,2022-01-28 19:26:22+00:00,1487145040736661508,I visited @coppermountainc this week to discuss how we can provide the best education and support for students in our community. Programs such as their excellent school or nursing are critical to preparing our students for careers in the economy of the future. https://t.co/wYiRBNuct2,JayObernolte
29,2022-01-28 02:37:17+00:00,1486891097985097730,"If you havenâ€™t already, this new year is a great time to sign up for my e-newsletter. Each week I share important updates on the critical issues facing Congress and my work on behalf of our district. Sign up here to stay informed: https://t.co/1J6Mea6zHw",JayObernolte
30,2022-01-27 20:57:31+00:00,1486805592958291970,The history of Japanese American internment during World War II includes sites such as the Manzanar Relocation Center in #CA08â€™s Inyo County. I am proud to introduce a bill to help ensure the stories of those unjustly imprisoned in Manzanar are told: https://t.co/paoFypp1cy,JayObernolte
31,2022-01-26 21:22:26+00:00,1486449477472894977,"Last week I supported a bill to provide additional support to schools where revenue is impacted by federal activity such as military bases &amp; national parks. Our future lies in our children, and they deserve the opportunity and resources they need to succeed.",JayObernolte
32,2022-01-25 15:52:08+00:00,1486003964650958858,I am proud to join @RepSteel in calling on AG Garland to help combat the train robberies we have seen in the Los Angeles area. This looting is dangerous to public safety and disruptive to the supply chain. We must uphold law and order and end this reign of crime. https://t.co/AWNvaQaQXB,JayObernolte
33,2022-01-20 21:58:16+00:00,1484284166367809547,Itâ€™s clear that the Administration and Congress need to stop using this crisis as an excuse to reshape our economy and instead focus on getting our spending and our national debt under control. More from this weekâ€™s @FoxBusiness interview here: https://t.co/cT5xHxwFCd,JayObernolte
34,2022-01-19 22:18:30+00:00,1483926870374727681,"When inflation is caused by government action, it represents an unseen tax paid by every American. The Dec. jobs report emphasized this truth.

We must recognize the effects of reckless spending on the middle class, the growth of poverty &amp; ability to achieve the American Dream. https://t.co/pzkx6SJaEL",JayObernolte
35,2022-01-19 15:56:10+00:00,1483830651866554369,New data from @USDOL makes it clear that Congress must redirect its efforts away from deficit spending and radical reforms to common sense solutions that will put our country back on track. I joined @FoxBusiness Evening Edit to discuss this and more: https://t.co/cT5xHxwFCd,JayObernolte
36,2022-01-18 18:03:33+00:00,1483500323780108291,Data released last week shows inflation hit a 40yr high in Dec. leading to a decline in real wages by +2%. Hard-working Americans can't afford the irresponsible government spending driving this inflation. We must act to put our nation back on track. https://t.co/XLeH8fezEq,JayObernolte
37,2022-01-17 16:57:31+00:00,1483121317914234890,"Our nation might sometimes seem divided, but leaders throughout our history like Martin Luther King Jr. have shared a vision for a better future. On this #MLKDay, let us stand firm in his conviction that, in time, peace and love will prevail. https://t.co/FSf758HR9w",JayObernolte
38,2022-01-14 21:40:06+00:00,1482105265214341127,"Government policies and irresponsible federal spending have led to this economic crisis, and the solution is simple: we must end this reckless spending, responsibly balance the federal budget, and put our nation and economy back on a path towards success.",JayObernolte
39,2022-01-14 21:40:05+00:00,1482105261515063299,"Thanks to the highest inflation since 1982, American families are making less while paying more for almost everything. Beef &amp; bacon are up 18.6%, eggs 11% &amp; coffee 7%. Propane &amp; firewood are up 34% while gas is up nearly 50%. Real wages declined 8/11 full months this Congress. https://t.co/vlqu0Ovv7V",JayObernolte
40,2022-01-14 16:03:13+00:00,1482020489539244037,"I am glad to see the Supreme Court confirm the Administrationâ€™s vaccine mandate on private businesses is an unconstitutional government overreach into the lives of private citizens. I sent an amicus brief urging the court to block this mandate, and I am glad that they agree.",JayObernolte
41,2022-01-14 02:43:28+00:00,1481819222942666753,"When inflation is caused by government action, it represents an unseen tax on every American. We must get our fiscal house in order by balancing the budget &amp; getting government spending under control to ease the inflationary pressures driving more &amp; more Americans into poverty. https://t.co/ZRf1q9iN2j",JayObernolte
42,2022-01-13 16:21:40+00:00,1481662744134836226,"More than 1 in 4 Americans reported they sacrificed basic expenses to pay their energy bill last year. If your family experienced hardships such as these, I want to hear from you. Follow the link, message me, or reply to this tweet to share your story: https://t.co/XcjC1fBOrr",JayObernolte
43,2022-01-12 20:14:01+00:00,1481358826842513420,"More fentanyl was seized at the southern border in FY2021 than in the previous 2 years combined &amp; even more has made its way into our community undetected. As our sheriff's departments work to combat this increase, it is critical Congress act immediately to secure the border.",JayObernolte
44,2022-01-12 20:14:00+00:00,1481358825315778565,The @DEAHQ issued its first public safety alert in 6 years as fentanyl continues to flood across our southern border. The U.S. has seen a sharp increase in fake pills laced with lethal doses of fentanyl &amp; meth that are causing an alarming spike in deaths. https://t.co/RqTA1TRZBG,JayObernolte
45,2022-01-12 15:45:29+00:00,1481291249441198081,"January is Human Trafficking Prevention Month. With cases of human trafficking linked to illegal marijuana cultivation sites rising in our community, it is critical we put an end to this modern-day slavery. Learn more about the faces of human trafficking: https://t.co/4KZAFAmdr9",JayObernolte
46,2022-01-11 15:01:41+00:00,1480917839682977798,"It was an honor to speak regarding the current state of U.S. cybersecurity at #CES2022 over the weekend. CES is a global stage for tech innovation, and I was proud to join other industry and government leaders to share ideas that will improve our businesses and national security. https://t.co/UUy6Pv1kWO",JayObernolte
47,2022-01-10 23:41:22+00:00,1480686233445707779,This week our community mourns the passing of @BarstowFire Engineer David Spink who was critically injured while responding to a traffic collision on the 15 freeway. Dave served 30 years with the department. Our hearts are with his family and the Barstow community. https://t.co/arsez6OLIY,JayObernolte
48,2022-01-09 20:57:36+00:00,1480282632877494279,"As Congress prepares to resume session in the new year, it is important I hear from you regarding the issues that matter to you and our community. Take my brief survey here to let me know what issues you care about most: https://t.co/1srn2MbTXW",JayObernolte
49,2022-01-09 20:28:45+00:00,1480275372537225219,"Our community's law enforcement officers go above and beyond the call of duty every day to keep us safe. Today on #LawEnforcementAppreciationDay, we celebrate their dedication and commitment. Thank you to all our men and women in blue for your service to our community. https://t.co/rtJ5gUqTmZ",JayObernolte
50,2022-01-07 22:47:47+00:00,1479585585719394305,"The vaccine mandate on private employers proposed by OSHA is an unconstitutional intrusion into powers reserved to Congress, the states, and the people. Read the amicus brief I and my colleagues sent to the Supreme Court here: https://t.co/M9rxtuHtNO",JayObernolte
51,2022-01-07 19:27:25+00:00,1479535160500662273,I feel strongly that hearing directly from my constituents is a critical part of my job as your representative. Please take a moment to complete my brief survey and let me know which issues are most important to you as we begin the new year. https://t.co/1srn2MbTXW,JayObernolte
52,2022-01-06 02:21:40+00:00,1478914632773509121,"If you havenâ€™t already, this new year is a great time to sign up for my e-newsletter. Each week I share important updates on the critical issues facing Congress and my work on behalf of our district. Sign up here to stay informed: https://t.co/1J6Mea6zHw",JayObernolte
53,2022-01-04 15:07:10+00:00,1478382504495173635,"I joined my colleagues in sending an amicus brief to the Supreme Court urging them to block the Administrationâ€™s vaccine mandate. I support voluntary vaccination, but the OSHA rule represents an unconstitutional intrusion into powers reserved to Congress, the states &amp; the people. https://t.co/wWz4WnIlqa",JayObernolte
54,2022-01-01 08:00:26+00:00,1477187948013670404,"As the new year dawns, I hope it is filled with the promise of a brighter tomorrow for everyone in #CA08 and across our nation.  Happy New Year! https://t.co/Jmh08SCxoQ",JayObernolte
55,2021-12-29 19:25:06+00:00,1476273087247171588,"As an 8-year veteran w/ @CHPInland, #EverydayHero Officer Casey Farwick consistently goes above and beyond the call of duty. Despite being in an on-duty collision, Officer Farwick was able to return ahead of schedule due to his determination, strong will and commitment to serve. https://t.co/lLsRx6a2k2",JayObernolte
56,2021-12-27 20:56:02+00:00,1475571196909559813,#EverydayHero Deputy Sheriff Tiffany Kautz has been instrumental for @sbcountysheriff in protecting the wellbeing of our children. Her work as a school resource officer and with Child and Family Services have demonstrated her commitment to caring for the children of SB County. https://t.co/uYmA08Z6YV,JayObernolte
57,2021-12-25 18:41:07+00:00,1474812467242946566,"From my family to yours, I wish everyone in CA-08 a very Merry Christmas and Happy Holidays. It is an honor to serve you. https://t.co/AQWZ12BBY3",JayObernolte
58,2021-12-24 18:28:04+00:00,1474446794063028229,"During the pandemic, #EverydayHero @sbcountysheriff Deputy Sheriff Molly Leiker worked with @sbcountyda to foster positive relationships and support the needs of today's youth. I appreciate her dedication to duty and overwhelming compassion to serve the citizens of SB County. https://t.co/GosYJ0p3jt",JayObernolte
59,2021-12-22 21:32:03+00:00,1473768320939737090,"As resident corporal for @sbcountysheriff Trona station, #EverydayHero Brian Woytovich has used his tenacity to support his deputies &amp; create open relationships w/ the residents of Trona. He takes pride in living &amp; working in the community &amp; is an integral part of the department. https://t.co/4iolaPicpQ",JayObernolte
60,2021-12-21 20:19:05+00:00,1473387570734288897,"During his 11 years w/ @CHPInland, #EverydayHero Officer Donald Perez has exemplified himself as a patrol officer, a field training officer, &amp; an Officer in Charge, consistently going above &amp; beyond the call of duty to help allied agencies &amp; provide leadership amongst his peers. https://t.co/rznCMpBkM3",JayObernolte
61,2021-12-20 22:11:29+00:00,1473053470160834560,Heather and I are deeply saddened at the news of Lori McClintockâ€™s passing. Our hearts are with my colleague Tom and his family in this difficult time. https://t.co/lI1Rnv3N8Q,JayObernolte
62,2021-12-17 19:22:10+00:00,1471923695933349893,"In memory of #EverydayHero Gina Martinez, a Probation Corrections Supervisor w/ @SBCprobation who lost her life after 21 years of service. Her vision for the youth in custody was to ensure they had a diploma, employment, and place to feel safe. Her work will never be forgotten. https://t.co/iWDAIVsjlw",JayObernolte
63,2021-12-16 20:58:06+00:00,1471585450448105473,California ranks as the third-highest state for law enforcement officers shot in the line of duty this year. This violence against our public servants cannot be allowed to continue. We must ensure the safety of our communities and enforce the rule of law. https://t.co/Q59bmkFDHm,JayObernolte
64,2021-12-15 18:00:49+00:00,1471178447670157320,"Passed by Congress in 1789, the Bill of Rights grants the American people with essential rights that protect us from unchecked government power. Today we celebrate these constitutional freedoms &amp; recommit ourselves to ensuring that they are never infringed upon. #BillofRightsDay https://t.co/51cigPvu7l",JayObernolte
65,2021-12-14 21:24:19+00:00,1470867271497261072,The House has been called back into session this week to once again vote to raise the debt ceiling without any discussion of how this debt will ever be repaid. The reckless spending spree cannot continue. We need to balance our budget and get spending under control.,JayObernolte
66,2021-12-13 16:07:37+00:00,1470425184448532489,"The House moved this bill forward without considering this information despite requests by myself and 206 other members of Congress to know the costs prior to a vote. Today as we sit at a near 40-year high for inflation, I urge the Senate to stop this over-priced bill. https://t.co/hEPPWRKOFq",JayObernolte
67,2021-12-13 16:07:36+00:00,1470425180228911112,".@USCBO released its estimate of the full cost of the massive social spending bill and it validates what I've feared for months - contrary to claims, this bill will add $3 TRILLION to the federal debt and cost $4.9-$5.1 TRILLION in spending. https://t.co/kgMrw6XiIf",JayObernolte
68,2021-12-13 15:38:44+00:00,1470417915266621444,"Happy 383rd birthday to the U.S. National Guard! On this date in 1636, the first militia regiments in North America were organized in Salem Massachusetts, and the National Guard has protected our country ever since. Thank you to all who have served their nation in the Guard! https://t.co/EGDjypM6Mx",JayObernolte
69,2021-12-11 18:02:04+00:00,1469729209790738435,#everydayHero Apple Valley Engine 332 with @AVFPD was called out to treat a patient experiencing chest pains. The patient survived to reach the hospital and was saved due to the crews' quick actions and treatment on scene. https://t.co/IjX8OWW9Pq,JayObernolte
70,2021-12-10 20:56:03+00:00,1469410604951691268,I was proud to see a bill I cosponsored pass the House of Representatives. The Indian Buffalo Management Act is a fundamental step toward promoting the inclusion of Tribal nations in protecting and conserving American's buffalo.,JayObernolte
71,2021-12-10 15:26:14+00:00,1469327606642315267,"As Nov. 30, there had been 314 officers shot this year in the line of duty and 95 ambush-style attacks on law enforcement officers (up 126% from last year). This violence against our public servants cannot be allowed to continue. https://t.co/1H6tL2Hbty",JayObernolte
72,2021-12-09 21:54:07+00:00,1469062832721387538,#EverydayHero @CHPInland Officer William Keeshan is a critical asset in assisting motorists in peril. His maturity and common-sense approach has earned him respect from his peers and supervisors and has helped to prevent injury and fatal collisions in the High Desert. https://t.co/fhDQKy6qpl,JayObernolte
73,2021-12-09 15:49:07+00:00,1468970975391727623,"The winning artwork from #CA08 for this year's @CongressionalArt is officially hanging in the U.S. Capitol! The first place piece, ""Cultural Swirl"", highlights the amazing talent of our youth. I look forward to pointing it out to my colleagues as we walk past before each vote! https://t.co/N4NhDxlPko",JayObernolte
74,2021-12-08 22:23:02+00:00,1468707721109286921,Our #EverydayHero @sbcountysheriff Deputy Sheriff Dustin Whitson was shot in the line of duty while responding to a service call. Deputy Whitson's determination and will to survive have proved extraordinary as he continues to recover from multiple surgeries. https://t.co/AwUfM3F2UE,JayObernolte
75,2021-12-08 00:08:10+00:00,1468371789889904641,"As a 14-year-veteran of @SBCOUNTYFIRE, #EverydayHero Captain Spencer Brumbaugh has been instrumental as a firefighter paramedic, member of the Urban Search and Rescue team and flight medic. His dedication to duty and quick decision-making has saved countless lives in SB county. https://t.co/MjYDkXEDk7",JayObernolte
76,2021-12-07 18:14:00+00:00,1468282660288012293,"My and Heatherâ€™s prayers are with the family of @sbcountysheriff Detective Armando Cantu. His 14 years of service to the Sheriffâ€™s Department, most recently with the narcotics division and his service to our nation as a Marine will not be forgotten. https://t.co/iJ5L6UYkrM",JayObernolte
77,2021-12-07 15:43:17+00:00,1468244730526019595,Today is the 80th anniversary of the Attack on Pearl Harbor. On #PearlHarborRemembranceDay we remember the lives lost and the sacrifices made in defense of our nation and the free world. https://t.co/juKjexwEzB,JayObernolte
78,2021-12-07 00:16:55+00:00,1468011604331864066,I am glad to see the Senate move towards a vote invoking the Congressional Review Act to stop OSHA's vaccine mandate with bipartisan support. I am proud to be an original cosponsor of this bill and called on my colleagues to pass it in a recent press conference. Watch here: https://t.co/GS21sWSOJS,JayObernolte
79,2021-12-06 22:34:10+00:00,1467985747571527684,"In case you missed it, I joined @LizMacDonaldFOX and @Mitch_Roschelle on @EveningEdit Friday to discuss the disappointing November jobs report and the failed policies that are causing this crisis. Catch the interview here: https://t.co/CbEVDDq8Nj",JayObernolte
80,2021-12-04 21:00:05+00:00,1467237295489265674,"@CHPInland Officer Aaron Zousel represents the CHP in Needles and has consistently provided excellent service to this small town. He is humble, professional, knowledgeable, and dedicated to providing safety and security for the public. https://t.co/iFH5xB0De0",JayObernolte
81,2021-12-03 15:23:02+00:00,1466790083508461570,@CHPInland Officer Garret Morris has volunteered with the @RimoftheWorld HS Racing Team giving students a safe alternative to illegal street racing. His commitment to these kids has had a lasting impact on our mountain community. https://t.co/PFx6U0LKfx,JayObernolte
82,2021-12-03 01:35:06+00:00,1466581729376940033,"This year's @USCapitolTree comes all the way from the Six Rivers National Forest in California. The tree, named ""Sugar Bear,"" is a beautiful sight standing tall in front of the people's building! https://t.co/yX2OMYSl4L",JayObernolte
83,2021-12-02 18:55:18+00:00,1466481116244754433,"Six years after the terrorist attack in San Bernardino, we pause to remember the lives lost, the families affected, and everyone who risked their safety to protect our community that day. To all those impacted by the attack, we stand with you. #SBStrong https://t.co/303hX6vZLy",JayObernolte
84,2021-12-02 17:02:47+00:00,1466452801660334085,"@TODAYshow @CynthiaMcFadden @sbcountysheriff @forestservice @DEAHQ I introduced an amendment in the annual appropriations process that will help by moving $25M to the DEA to combat the large-scale illegal grows. This is a critical first step, &amp; I will be continuing to push for increased resources to address these grows. https://t.co/zIPmPcKzua https://t.co/Y0aqsnNGWB",JayObernolte
85,2021-12-02 17:01:48+00:00,1466452553881858048,"@TODAYshow @CynthiaMcFadden The grow site shown here is mostly hidden from view, but in #CA08 we've seen larger, more blatant sites on public &amp; private lands. @sbcountysheriff's #operationhammerstrike is making great progress, but support from @forestservice &amp; @DEAHQ is critical, especially on fed lands. https://t.co/pfFQjtMlKc",JayObernolte
86,2021-12-02 16:58:46+00:00,1466451788664647682,"The @Todayshow and @CynthiaMcFadden did a deep dive into the illegal marijuana operations in California that are stealing our water, inserting harmful pesticides into our ecosystems, and wreaking havoc on our public lands. Watch the segment here: https://t.co/AmZ8haqfI9",JayObernolte
87,2021-12-02 16:48:19+00:00,1466449158819270665,"The @Todayshow and @CynthiaMcFadden did a deep dive into the illegal marijuana operations in California that are stealing our water, inserting harmful pesticides into our ecosystems, and wreaking havoc on our public lands. Watch the segment here: https://t.co/AmZ8haqfI9",JayObernolte
88,2021-12-01 23:17:33+00:00,1466184725874286607,"Over 899lbs of fentanyl &amp; 15,631lbs of meth have been apprehended at our southern border since January. We know from the rise of both drug &amp; human trafficking in #CA08 that even more is making it into our community. We must end this self-inflicted crisis &amp; secure our border. https://t.co/yhQu92fnGW",JayObernolte
89,2021-12-01 04:01:47+00:00,1465893866251374593,"This year, more than ever, our first responders need our thanks and praise. Throughout the Holidays Iâ€™ll be highlighting some of the brave men and women who keep our community safe. Stay tuned and read some of their stories in the @VVDailyPress here: https://t.co/Dhnn589rdv",JayObernolte
90,2021-11-29 15:28:28+00:00,1465341899519242244,The supply chain crisis at our ports continues to affect American businesses and consumers. We must reverse the broken policies that have created these problems and get our country back on track. https://t.co/hO1EbMOHjM,JayObernolte
91,2021-11-27 13:38:04+00:00,1464589341141917697,"As a small business owner for over 30 years, I understand the critical importance of investing in small business to grow and improve our economy. Today on #SmallBusinessSaturday I encourage everyone to support and appreciate the small businesses in #CA08. https://t.co/qygVYNWqFJ",JayObernolte
92,2021-11-26 15:31:09+00:00,1464255410551021573,"California's 8th District contains over 7,830 square miles of national park land. On this #OptOutside day I encourage everyone in #CA08 and across our beautiful nation to step outside and enjoy what our great outdoor spaces have to offer. https://t.co/0F6oOAR12S",JayObernolte
93,2021-11-25 15:17:07+00:00,1463889493765902338,On this day we gather with our families &amp; community to share the things we are thankful for. I am particularly thankful today for my wonderful family &amp; for the brave men and women in uniform across CA08 who keep our community safe. Share something you're thankful for with #CA08! https://t.co/l6PrdZs41y,JayObernolte
94,2021-11-24 20:02:05+00:00,1463598820617605127,"As we contemplate our Thanksgiving celebrations, I want to especially thank the first responders who protect and serve #CA08. I was honored to recognize fifteen of these heroes at my recent Everyday Heroes event. Read their stories here: https://t.co/lDEP46YYuE",JayObernolte
95,2021-11-23 21:01:53+00:00,1463251478781607946,Todayâ€™s decision by the Orange County court to not place a sexually violent predator in Newberry Springs is a victory for #CA08. I applaud everyone who came together to fight this placement and speak with one voice to make our community heard. More here: https://t.co/xRYyzZOJR6,JayObernolte
96,2021-11-23 19:35:05+00:00,1463229635202797572,"Irresponsible govt spending is imposing a Thanksgiving #TurkeyTax on #CA08 families. According to Forbes, the price for turkey is up 20% from last year. We urgently need to balance our federal budget and get inflation under control. https://t.co/3TyLsUondR",JayObernolte
97,2021-11-22 19:45:07+00:00,1462869771628781568,I was proud to recently support a bill that would require private sector entities to conduct independent assessments of the VA's healthcare services. We have a duty to ensure the best services are being provided to our veterans in #CA08 and across the nation.,JayObernolte
98,2021-11-19 23:11:01+00:00,1461834426405507080,I was proud to see a bill I cosponsored pass the Senate &amp; head to the President's desk to award the Congressional Gold Medal to the 13 American servicemembers killed during the evacuation of Kabul. These men &amp; women have earned our utmost respect &amp; deserve Congress' highest honor,JayObernolte
99,2021-11-19 19:16:37+00:00,1461775438758428676,"After calling for a CBO score for weeks, the analysis proves what we feared all along â€“ the cost is not $0. In fact, it will cost Americans dearly in higher taxes, lost jobs, increased inflation, &amp; at least $791B added to the deficit. More on my ""no"" vote: https://t.co/SvKbhA2Thv",JayObernolte
100,2021-11-18 22:32:42+00:00,1461462396896169986,Donâ€™t forget! Iâ€™m hosting a telephone town hall TONIGHT to hear directly from you on the major social spending bill that Congress will be voting on in the next few days! Sign up to receive a call to your phone number to participate. https://t.co/AjLoqhCqzY https://t.co/pzhYxMdAZ4,JayObernolte
101,2021-11-18 22:31:08+00:00,1461462000119259141,"I was proud to see a bill I cosponsored pass the House to provide counseling services to all veterans and servicemembers who receive VA education benefits. The transition to college life can be very difficult, and ensuring assistance for our vets in school will enable more of....",JayObernolte
102,2021-11-18 19:25:47+00:00,1461415355054755846,The House began debating the massive social spending bill today without the CBO score. It is unconscionable for Members of Congress to contemplate voting for what could be the largest spending package in our countryâ€™s history without knowing its cost. I joined the debate: https://t.co/3oAmvMFmyW,JayObernolte
103,2021-11-18 17:16:11+00:00,1461382743548379142,"This Thanksgiving, families in #CA08 are paying more for their Thanksgiving meal than at any time in American history. In addition, the tank of gas needed to visit family for the holiday will cost $20 more on average in #CA08 than it did in January. https://t.co/v6SBByjeGD",JayObernolte
104,2021-11-18 16:02:47+00:00,1461364271426666509,Congress is scheduling a vote on what will likely be the most expensive spending package in the history of our nation without knowing how much it will cost. Watch my floor speech to learn more. #NoScoreNoVote https://t.co/missR2ZzHb,JayObernolte
105,2021-11-18 14:57:22+00:00,1461347808359772175,ðŸš¨ ðŸš¨ Iâ€™m hosting a telephone town hall TONIGHT at 6:00 p.m. PT to discuss the upcoming vote on the massive social spending bill. Sign up to receive a call on your phone line to join the event! ðŸš¨ ðŸš¨https://t.co/AjLoqhkPbo https://t.co/BxSYXBwn32,JayObernolte
106,2021-11-17 23:22:44+00:00,1461112598091509762,I recently had the privilege of recognizing 15 outstanding #CA08 first responders as part of my annual Everyday Heroes celebration to honor those who keep our families and community safe. Read their stories here:https://t.co/lDEP46YYuE,JayObernolte
107,2021-11-17 15:23:05+00:00,1460991889973424136,This graph from a new @BLS_gov report  shows the recent stunning price increase for goods across our country. Irresponsible deficit spending over the past year is a root cause of this inflation. We must put an end to these disastrous policies &amp; restore fiscal responsibility. https://t.co/PTjGQJTI0l,JayObernolte
108,2021-11-16 23:55:44+00:00,1460758515795046408,"The @DailyCaller launched a new documentary this month highlighting the seriousness of the illegal marijuana grow crisis in SoCal. @RepMikeGarcia and I have worked to bring in DEA &amp; federal support to help combat this crisis. We are making progress, but there is a long way to go. https://t.co/rFeqMvqxMZ",JayObernolte
109,2021-11-16 19:49:15+00:00,1460696485817954308,"America is already facing a holiday inflation crisis w the govtâ€™s #ThanksgivingTax delivering a gut punch to #CA08 families. Prices are up from 47% for carrots to 18% for a turkey. If the social spending bill is passed this week, the situation will worsen. https://t.co/p8JTzBASJ4",JayObernolte
110,2021-11-12 21:01:35+00:00,1459265139702697989,"I joined @Newsmax this week to discuss Congress' high-priced spending bills, rising energy prices, and vaccine mandates in California. Watch my full interview here: https://t.co/NF8XQwUTEX https://t.co/h37abHvEnj",JayObernolte
111,2021-11-12 15:39:17+00:00,1459184028129574913,I was honored to join the Veterans Day celebrations in Victorville and Hesperia yesterday! Thank you to everyone who came out to recognize all those who have served our nation. https://t.co/fAnw9pyd2H,JayObernolte
112,2021-11-11 15:42:24+00:00,1458822425479503875,The United States of America is the home of the free because of the brave. Thank you to all who have worn the uniform of our nation and to all who have sacrificed for it. https://t.co/j1MkWcbvkb,JayObernolte
113,2021-11-10 19:50:28+00:00,1458522467362877441,Happy 246th birthday to the United States Marine Corps! Thank you for your service to our country. Semper Fidelis. https://t.co/o1JmZMHx4S,JayObernolte
114,2021-11-09 20:51:44+00:00,1458175495258902532,"Thank you to all our local law enforcement, fire and EMS who attended last nightâ€™s Everyday Heroes event! I was proud to celebrate these local heroes and give special recognition to those who have gone above and beyond in service to our community. https://t.co/sKWWPWeyZ6",JayObernolte
115,2021-11-09 16:19:13+00:00,1458106914584334346,I recently cosponsored the Advancing Toward Impact Aid Full Funding Act to ensure our #CA08 public schools near federal lands receive the federal contributions they were promised. Here's what one local school district is saying about this important bill: https://t.co/bTKSmjo2jz https://t.co/WjtFNysiwt,JayObernolte
116,2021-11-09 14:17:01+00:00,1458076163574845442,"Southern California has experienced an alarming escalation in large-scale illegal marijuana cultivation that threatens our environment, our water resources, and our community safety. Please share your views on this issue in my Security Survey: https://t.co/uYWGseMa0B",JayObernolte
117,2021-11-08 23:14:43+00:00,1457849089459204097,Americans are already suffering from inflation.  Unfortunately Congressâ€™ series of spending bills are taking us down a road that will make it even worse. Watch my Sunday @FoxNews Live interview from this weekend here: https://t.co/zPzZtW61ZU,JayObernolte
118,2021-11-07 02:34:43+00:00,1457174646567149569,My statement on last nightâ€™s House vote on H.R. 3684 here: https://t.co/XtH8fIPmRW,JayObernolte
119,2021-11-05 16:23:17+00:00,1456658385231810571,Thank you @SteveScalise for your support of my letter! Voting on the largest spending package in US history without a full CBO score is unconscionable. #NoScoreNoVote https://t.co/VaO88UwRYC,JayObernolte
120,2021-11-05 01:48:42+00:00,1456438291444772867,"In an unsurprising turn of events, the majority now claims that their own bill, the largest spending package in US history, actually saves moneyâ€¦ Perhaps we should rely on a non-partisan analysis instead. https://t.co/76CSqAIoAn https://t.co/m74SrNKzXy",JayObernolte
121,2021-11-04 21:19:20+00:00,1456370504240177156,Thank you to @RepDonaldsPress @RepLoudermilk @RepMikeGarcia @RepBrianBabin @RepMMM @RepNancyMace @RepTimBurchett @RepBryanSteil @DougLaMalfa @RepNewhouse @RepBice @RepArmstrongND @RepFredKeller @RepVanTaylor @RepClayHiggins @RepJacobs @RepDonBacon for joining me!,JayObernolte
122,2021-11-04 21:03:47+00:00,1456366587229970432,"Pushing the biggest spending bill in Congressional history through without cost analysis is unconscionable - but even more so when our constituents already suffer record inflation, a supply chain crisis &amp; labor shortages. More from my press conference here. https://t.co/J8FHyqDDlc",JayObernolte
123,2021-11-04 20:59:31+00:00,1456365515996336130,I and 206 members of the House called on @SpeakerPelosi to postpone the reconciliation vote today until a CBO score &amp; analysis is available. It's common sense that members of Congress should know the cost of legislation before voting on it. https://t.co/76CSqAIoAn https://t.co/pc4dU56cRv,JayObernolte
124,2021-11-03 18:07:52+00:00,1455959929257435139,Your safety and security are my top priorities. Please take a moment to complete my brief Security Survey and let me know your stance on important safety issues facing #CA08 and our nation: https://t.co/uYWGseMa0B,JayObernolte
125,2021-11-02 22:06:50+00:00,1455657681990168584,"Impact Aid has been underfunded &amp; unstable since 1969, leaving #CA08 schools near federal land w/o reliable funding. I am proud to cosponsor the Advancing Toward Impact Aid Full Funding Act to address this issue &amp; ensure quality education for our children. https://t.co/bTKSmjo2jz",JayObernolte
126,2021-11-02 14:44:12+00:00,1455546289601581058,"Our national debt currently stands at $84,850 for every American. We must take responsibility for decreasing that number and stopping this reckless federal spending spree. My take on reconciliation and the debt in @VVDailyPress: https://t.co/6zPwWWQPfC",JayObernolte
127,2021-11-02 02:52:14+00:00,1455367117193285640,November is Military Family Month. Our military families are the backbone of our armed forces and are critical to supporting our servicemembers at home and overseas. Thank you to all the military families in #CA08 who keep our armed forces strong. https://t.co/vFQztZIYtJ,JayObernolte
128,2021-11-01 14:13:07+00:00,1455176076758589443,I was proud to see a bill I cosponsored pass the House to award the Congressional Gold Medal to the 13 American servicemembers killed during the evacuation of Kabul. These men &amp; women earned our utmost respect &amp; deserve Congressâ€™ highest honor. @BBGrizzly  https://t.co/gqmWhikF7X,JayObernolte
129,2021-10-30 01:02:03+00:00,1454252222448087042,"Our government should never pay people who break the law to illegally cross the border more than the families of the servicemembers who die defending it.

To put this further into context - $450,000 is more than 8 times the average income in #CA08. https://t.co/wk2rVaQggN",JayObernolte
130,2021-10-29 14:25:02+00:00,1454091914907721742,"It strains credibility to believe the reconciliation bill will not add to the federal deficit. We need to end reckless spending, reverse the bad policies that have led to inflation, address the labor shortage &amp; fix the supply chain crisis: https://t.co/7OOOcoNsCg",JayObernolte
131,2021-10-28 18:50:45+00:00,1453796396616855563,"This is something we all can agree on: Congress shouldnâ€™t vote on bills before we can read them (and in my opinion, until the Congressional Budget Office can also score them). @JohnKingCNN @SenSanders https://t.co/roAL0ofGZ4",JayObernolte
132,2021-10-28 15:30:34+00:00,1453746018089111557,"News broke again this week that even as gas prices spike nationwide, CA continues to be the highest. In #CA08, the difference is clear between the price of Californiaâ€™s socialist policies &amp; those of neighboring states.

Needles - $5.39
8 minutes away in Mohave Valley, AZ - $2.99 https://t.co/Vm23axCX3s",JayObernolte
133,2021-10-27 14:55:04+00:00,1453374695307456516,"Our community is already suffering the effects of inflationâ€“ in fact, #CA08 families are paying $20 more for a tank of gas than we were in January. The reconciliation bill being debated in Congress would make that worse. More from yesterday's @newsmax interview here: https://t.co/rdiZiSUWKq",JayObernolte
134,2021-10-26 14:32:18+00:00,1453006578903363600,"CA already suffers among the highest energy bills in the nation, but under the upcoming reconciliation bill the average familyâ€™s energy costs could rise $242 per year. Thatâ€™s a 54% increase! #CA08 families canâ€™t afford to pay that much more for energy, and they shouldnâ€™t have to.",JayObernolte
135,2021-10-25 22:52:56+00:00,1452770178387820551,"The White House claims the reconciliation bill will not add a single dollar to the federal deficit. If my colleagues in Congress believe that, I call on them to prove it by letting CBO do their job &amp; calculate the cost of the bill before it's voted on. More in my floor speech: https://t.co/pDq5EWHrbl",JayObernolte
136,2021-10-25 18:55:36+00:00,1452710450660093956,"If we do not get our fiscal house in order, Americans will be burdened with higher monthly payments and higher prices at the grocery store. Already the price of a tank of gas in our county has increased by over $20 since January. More in @VVDailyPress: https://t.co/6zPwWWQPfC",JayObernolte
137,2021-10-23 18:12:22+00:00,1451974798192652294,REMINDER: The deadline for the Congressional App Challenge is November 1st. #CA08 middle and high school students can sign up to participate and submit an app here: https://t.co/s7zxYnOHpr,JayObernolte
138,2021-10-22 20:29:48+00:00,1451646993756000257,The supply chain crisis in California ports is the result of bad policies that hurt families and businesses across our country. We need to rethink the decisions that have led to this crisis and get our nation back on track. Watch @EveningEdit:  https://t.co/Fz0Sic9xwN,JayObernolte
139,2021-10-22 14:43:34+00:00,1451559861263732741,"The potent combination of the COVID-19 pandemic, supply chain constraints &amp; reckless government spending is causing a substantial increase in cost of goods &amp; services. Let me know what steps you think we should take to help our economy recover: https://t.co/TNr6WLODUY",JayObernolte
140,2021-10-21 19:06:28+00:00,1451263635662196743,"The border crisis has directly contributed to an increase in human trafficking, drugs and fentanyl in #CA08 communities. We must support law and order, secure our border, and put back in place the proven policies that stopped border surges and kept our communities safe.",JayObernolte
141,2021-10-21 19:06:28+00:00,1451263633850306564,Border apprehensions broke a 35-year record yesterday with 1.7 million illegal immigrants apprehended crossing our southern border this year. That's almost the entire population of San Bernardino County.,JayObernolte
142,2021-10-21 17:49:31+00:00,1451244269474287626,Our country does not have a revenue problem â€“ we have a spending problem. It is critical that Congress stop its reckless spending spree and lower both federal spending and debt if we want to leave a better nation for our children and grandchildren. My @newsmax interview here: https://t.co/hOxadvALPd,JayObernolte
143,2021-10-21 01:35:48+00:00,1450999226431856640,"Congress is continuing negotiations on the massive spending bill even as we face a debt crisis. Should the most recent public proposal be passed, we will have approved more new spending in 18 months than the combined annual wages of everyone in America. https://t.co/6zPwWWQPfC",JayObernolte
144,2021-10-19 20:35:11+00:00,1450561184483225604,Last week I visited US troops at Al Udeid Air Base in Qatar to see firsthand their role in missions critical to US security &amp; operations in the Middle East. I was proud to sit down with troops from CA &amp; across the nation who are committed to ensuring Americaâ€™s continued security. https://t.co/73dQrUvXoR,JayObernolte
145,2021-10-19 00:46:27+00:00,1450262029395243012,"This year the US will collect its highest tax revenue in history and yet still face a multi-trillion dollar budget deficit. It is clear that we have a spending problem, not a revenue problem. My take on Congressâ€™ spending spree in @VVDailyPress here: https://t.co/6zPwWWQPfC",JayObernolte
146,2021-10-15 23:47:43+00:00,1449160087747145730,"As law enforcement from across the country conclude delayed celebrations of #PoliceWeek in Washington, D.C. we mourn our fallen, especially @sbcountysheriff Sergeant Vaca. Thank you to all of our peace officers who risk their lives to protect our community. https://t.co/GLBIVOX2g9",JayObernolte
147,2021-10-15 16:03:15+00:00,1449043200971313169,"I am honored join the House Science Committee Subcommittee on Energy. Tech innovation is key to ensuring a strong &amp; reliable energy industry. When we promote innovation, we lower global emissions &amp; ensure America leads the world in clean energy production. https://t.co/wppHA5i7bp",JayObernolte
148,2021-10-14 14:59:09+00:00,1448664680537329675,"As the US confronts the rising threat of cyberattacks from malign foreign actors, we must ensure we have the best talent &amp; tools to defend our infrastructure. My first 3 bills to pass the House are all aimed at accomplishing this goal. More in @sbsun here: https://t.co/ZFGLYhsMmi",JayObernolte
149,2021-10-13 19:41:40+00:00,1448373392843882502,I toured the Federal Correctional Complex in Victorville last week to see the important work they are doing to rehabilitate inmates and keep our community safe. This facility also provides important jobs for Victorville and serves a critical role in our state. https://t.co/UlnlBW4Xch,JayObernolte
150,2021-10-13 15:25:35+00:00,1448308944011763723,Happy 246th birthday to the U.S. Navy! Thank you for all you do in the defense of our freedom. Non sibi sed patriae. https://t.co/pJ98VN1yHU,JayObernolte
151,2021-10-12 15:09:17+00:00,1447942454267813913,Congress is preparing to raise the debt ceiling by nearly $500B â€“ an amount anticipated to cover just 8 weeks of spending. Continued spending at these levels is dangerous for the American people &amp; economy. We must lower spending &amp; put our country and our economy back on track.,JayObernolte
152,2021-10-09 18:54:06+00:00,1446911870334558214,Heather and I had a wonderful time celebrating Apple Valley in the Happy Trails Parade today! Thank you to everyone who attended this great event. https://t.co/C9VAVr1oH1,JayObernolte
153,2021-10-09 01:46:03+00:00,1446653153047425026,I am proud to join the Western Caucus in unveiling our Western Conservation Principles. Preserving our environment and natural lands is critical to ensuring future generations can continue to enjoy the great outdoors. Learn more about our plan here: https://t.co/5RkcfROlOH,JayObernolte
154,2021-10-07 17:52:23+00:00,1446171562881716239,This weekâ€™s newsletter includes updates on my efforts to reduce federal spending and a flash poll to get your take on the 2022 budget reconciliation bill. Read the newsletter here and sign up to make sure you receive future editions: https://t.co/CkxypUpleQ,JayObernolte
155,2021-10-06 22:14:35+00:00,1445875160402305024,REMINDER: The Congressional App Challenge is now open for #CA08 middle and high school students! Sign up to participate and submit your app before the November 1st Â Deadline: https://t.co/s7zxYnOHpr,JayObernolte
156,2021-10-05 15:01:03+00:00,1445403666542993411,Thank you @SteveScalise for the cookie cake in honor of the passage of my first stand-alone bill! ICYMI - Learn more about my bill to improve cyber security here: https://t.co/VwbADxJ35J https://t.co/qgefqDvWDO,JayObernolte
157,2021-10-04 21:13:55+00:00,1445135114585919494,My Federal Career Opportunities in Computer Science Work Act passed the House with overwhelming bipartisan support. This bill improves the federal govtâ€™s ability to recruit and retain computer tech experts &amp; enhances our defenses against cyber-attacks. https://t.co/VwbADxJ35J https://t.co/QL4NE5ofym,JayObernolte
158,2021-10-03 16:08:43+00:00,1444695923507056640,"The disarray over the $3.5 trillion reconciliation bill is a sign of just how bad this legislation is for the American people. We need responsible governance, not reckless spending that will further increase inflation and drive our national debt higher. https://t.co/QGGGUWYqus",JayObernolte
159,2021-10-01 19:15:59+00:00,1444018274077904905,"The pending reconciliation bill is both the largest spending package &amp; largest tax increase in American history, while our national debt &amp; budget deficit are already at record highs. Instead we should balance the budget and get our country back on track. https://t.co/lnmPKOJe5r",JayObernolte
160,2021-09-30 18:39:36+00:00,1443646729837031425,"Today, Congress is preparing to do what Congress does best: kick the can down the road instead of solving the problem of how to balance the federal budget. We need to get spending under control through measures like my Finding Federal Savings Committee Act. More from @newsmax: https://t.co/WIoREJE7wp",JayObernolte
161,2021-09-30 00:08:00+00:00,1443366984645808132,Today is National #VFWDay. Please join me in thanking our nationâ€™s veterans who answered the call to serve our country and who continue to serve our community at home every day. https://t.co/kCHH2el6C8,JayObernolte
162,2021-09-29 21:54:12+00:00,1443333314161557507,Supporting our innovators is critical to ensuring America continues to lead the world in artificial intelligence. @RepFranklin and I discuss our new Leadership in Global Tech Standards Act to help small businesses set global AI standards in @thehill: https://t.co/lHhgPhnatw,JayObernolte
163,2021-09-28 22:42:37+00:00,1442983108702183433,"At todayâ€™s House Science Investigations &amp; Oversight hearing, I highlighted the need for balance between transparency &amp; user privacy in social media research, as well as the need to protect free speech while reducing the spread of misinformation. Watch my opening statement here: https://t.co/Cd9FVyntPj",JayObernolte
164,2021-09-28 20:16:57+00:00,1442946450082590721,My initiative to secure funding for the MCAGCC wastewater treatment plant in Twentynine Palms took a big step forward last week. Learn more about it from @GaryDaigneault1 Z107.7 here: https://t.co/JnfEiwkIEo,JayObernolte
165,2021-09-27 16:18:09+00:00,1442523966824849416,"I introduced the Desert Community Lands Act last week to convey approximately 8,200 surface acres of federal land back to our local communities. With over 90% of our district's land mass owned by the government, local control over needed land is critical. https://t.co/oILVEwjdrY",JayObernolte
166,2021-09-26 16:09:47+00:00,1442159475062976517,Today we recognize the mothers and families who lost their servicemember in the course of duty. The sacrifice made by you and your family in service to our country will never be forgotten. https://t.co/eszZgPsxgt,JayObernolte
167,2021-09-26 02:16:06+00:00,1441949672713621508,Learn more about my Finding Federal Savings Committee here: https://t.co/ipA0lMuht8,JayObernolte
168,2021-09-26 02:15:17+00:00,1441949467314298881,"I offered a Motion to Instruct during todayâ€™s Budget Committee reconciliation markup that would have created a committee to reduce wasteful federal spending &amp; shrink the federal deficit. Unfortunately, my colleagues moved the $4.3T spending bill forward without any such measures. https://t.co/5cu9y6fFmX",JayObernolte
169,2021-09-25 18:24:29+00:00,1441830983494299648,"The National Defense Authorization Act that passed the House of Representatives this week contained key wins for High Desert Military Bases, including the remaining funding needed for the Twentynine Palms wastewater treatment plant. Learn more here: https://t.co/5BzIcL1SqN",JayObernolte
170,2021-09-23 23:33:14+00:00,1441183910239473676,I am excited to announce that my office is now accepting submissions for the Congressional App Challenge from 8th District middle and high school students! Learn more about the challenge and how to participate here: https://t.co/s7zxYo6igZ https://t.co/fLruD9s6au,JayObernolte
171,2021-09-23 16:38:04+00:00,1441079430273585155,"The United States produces cleaner energy than any other country in the world. When we produce more energy domestically, we promote our energy independence, reduce the prices consumers pay, and lower emissions globally for a healthier planet. #NCEW2021 https://t.co/SEOkX4nF3b",JayObernolte
172,2021-09-22 22:01:47+00:00,1440798507829391360,I cosponsored the PFC Joseph P. Dwyer Peer Support Program Act to provide a vet-to-vet resource program for veterans battling PTS &amp; TBI. No one knows the struggles facing today's veterans better than other vets. This program will provide vital support for those who need it most.,JayObernolte
173,2021-09-22 01:14:00+00:00,1440484490942590976,I am deeply concerned many of my colleagues voted to raise the debt ceiling tonight without discussion of how we will repay that debt. Responsible governance requires finding ways to balance the budget- not leaving our children with a legacy of debt because we failed to do so. https://t.co/d3sY1Sq2yA,JayObernolte
174,2021-09-20 22:41:21+00:00,1440083686808981509,"Today is the start of National Clean Energy Week. Americaâ€™s energy industry is crucial not just to our national prosperity, but also to the advancement of clean energy technology worldwide. #NCEW2021 https://t.co/IpcVMS3K61",JayObernolte
175,2021-09-20 18:18:52+00:00,1440017632774836224,"Our sheriffâ€™s department has been hard at work shutting down illegal marijuana grows in our communities. These are not small backyard operations- this is large-scale organized crime that threatens our safety, our water, and our environment. https://t.co/uttgoARMEQ",JayObernolte
176,2021-09-20 14:47:46+00:00,1439964505996414977,"Over 200,000 migrants were stopped at the border in August. For the second month in a row, nearly 19,000 were unaccompanied children. A return to the proven policies in place last year would be a good start in addressing this crisis. https://t.co/z8LqScA079",JayObernolte
177,2021-09-18 15:14:23+00:00,1439246430548471815,Happy Birthday to the U.S. Air Force! #CA08 is proud to be the home of many distinguished Air Force service members and vets. Aim highâ€¦ Fight-fly-win! https://t.co/iiYIR0uWR5,JayObernolte
178,2021-09-17 16:55:11+00:00,1438909410856914945,"It's important that we continue these discussions. I look forward to hosting more events soon &amp; in the meantime if you have a question about my views on an issue or if you need help with the federal govt, please contact me. It is an honor to serve you. https://t.co/XcjC1fBOrr",JayObernolte
179,2021-09-17 16:55:11+00:00,1438909408415830027,"If you were unable to attend one of these events or want more information on how I have been working to serve you in Congress, please see the summary below. https://t.co/mraHsXhFry",JayObernolte
180,2021-09-17 16:55:09+00:00,1438909402795417605,"Over the past weeks I held 13 Community Coffees to talk to constituents in person about issues such as illegal marijuana grows, wildfire prevention, border security &amp; our national debt. I appreciated the great discussion of critical issues facing our district &amp; country. https://t.co/Iyv3NH8k0k",JayObernolte
181,2021-09-16 19:40:33+00:00,1438588636560232449,"I brought @HouseVetAffairs Ranking Member @RepBost back to @CombatCenterPAO, where he once served, to talk about transition readiness &amp; suicide prevention in the Marine Corps, among other important veterans affairs topics. Thank you to Congressman Bost for fighting for our vets! https://t.co/oflCwOJ78e",JayObernolte
182,2021-09-16 01:53:20+00:00,1438320065636716544,I cosponsored the ENTRÃ‰E Act to use $60B in existing funds to replenish the Restaurant Revitalization Fund. Many of our restaurants are struggling to survive after nearly a year of govt-mandated shutdowns. Targeted aid to these small businesses will help our communities recover.,JayObernolte
183,2021-09-15 04:04:48+00:00,1437990760482316295,I was joined by @HouseVetAffairs RM @RepBost at the Veterans Resource Fair in Victorville yesterday where many High Desert veterans were connected to resources. Events like these are critical to ensuring our vets have the federal support they deserve. https://t.co/YMMVt3nXeu,JayObernolte
184,2021-09-13 21:44:00+00:00,1437532539900547088,Wildfires are a major threat in Calif. We need comprehensive data-based forest management that will stop fires before they start &amp; prevent the need for state-wide National Forest shutdowns. It is my hope the President sees that reality in his visit today. https://t.co/SVvrh5OZV6,JayObernolte
185,2021-09-13 21:04:03+00:00,1437522487051370497,Thank you to everyone who attended my Community Coffee in Barstow today! I appreciated the great questions and the discussion of the critical issues facing our district. I will continue fighting for you and all of #CA08. https://t.co/xN1B3K7z9r,JayObernolte
186,2021-09-12 19:07:00+00:00,1437130641905262596,"I am attending a Veterans Resource Fair in Victorville tomorrow alongside @HouseVetAffairs Ranking Member @RepBost where our veterans will be connected to High Desert resources and assistance with VA claims. When our veterans thrive, our nation thrives. https://t.co/8jMdiJayKr",JayObernolte
187,2021-09-12 15:44:29+00:00,1437079678179627010,"Iâ€™m hosting a #CA08 community coffee in Barstow tomorrow morning. If you havenâ€™t already, please RSVP at the link. Iâ€™m looking forward to speaking with you in person! https://t.co/wkgxgkpZwz https://t.co/nwqW58bQYx",JayObernolte
188,2021-09-11 20:47:13+00:00,1436793475836510208,"The @sbcountysheriff is working hard to shut down large-scale illegal cannabis grows. Unfortunately, California laws are standing in the way of a long-term solution to this problem. We need to continue working until this illegal activity no longer threatens our community. https://t.co/BRBo6YSlOg",JayObernolte
189,2021-09-11 18:04:43+00:00,1436752582249119746,Today on the 20th anniversary of the September 11 attacks we honor the lives lost on this day and the sacrifices made since. We will never forget. Thank you to all who joined me at Victor Valley College this morning to commemorate and remember. https://t.co/ZKRd1cN8zL,JayObernolte
190,2021-09-10 19:02:27+00:00,1436404722215227395,It was great to see so many constituents at my Community Coffee in Yucaipa! I look forward to seeing more of you in Highland in just a few minutes at the Bear Springs Hotel Event Center! https://t.co/jIIISHrPm4,JayObernolte
191,2021-09-10 04:30:22+00:00,1436185254763458582,"Iâ€™m hosting two #CA08 community coffees tomorrow. If you havenâ€™t already, please RSVP for a nearby event. Iâ€™m looking forward to speaking with you in person!

Yucaipa: https://t.co/fddYjDiHFY

Highland: https://t.co/ayGCbpYw5c https://t.co/A3879vJNwb",JayObernolte
192,2021-09-10 04:04:44+00:00,1436178806193098753,"Thank you to everyone who attended my community coffee in Needles this evening! Our community faces unique issues, and I enjoyed having the opportunity to discuss those with you. https://t.co/vTXexgDVX6",JayObernolte
193,2021-09-09 22:03:56+00:00,1436088004221693952,It was great to see a packed room at my community coffee in Big Bear this morning! Iâ€™m looking forward to discussing current events and local issues with residents of Needles later this evening. https://t.co/FkLx11ODMn,JayObernolte
194,2021-09-09 03:32:00+00:00,1435808177648377861,"Iâ€™m hosting two #CA08 community coffees tomorrow. If you havenâ€™t already, please RSVP for a nearby event. Iâ€™m looking forward to speaking with you in person!

Big Bear:
https://t.co/ZDNw6lYtuT

Needles:
https://t.co/kfSYxEJCOa https://t.co/0l47H6N5f3",JayObernolte
195,2021-09-09 03:31:54+00:00,1435808152981671936,We had a packed house in Hesperia for tonightâ€™s Community Coffee! Thank you to everyone who attended. https://t.co/JhYd0sWx0h,JayObernolte
196,2021-09-08 21:49:04+00:00,1435721876265787397,"I had a great mid-day community coffee in Twentynine Palms where we discussed water storage, illegal marijuana grows, and veterans affairs. Next stop: Hesperia! https://t.co/tB8bs4qMPN",JayObernolte
197,2021-09-08 18:56:41+00:00,1435678495229693953,Thank you to everyone who attended this morningâ€™s Constituent Coffee in Yucca Valley. Iâ€™m looking forward to our next event in Twentynine Palms today! https://t.co/AYmn7Xxgca,JayObernolte
198,2021-09-08 05:04:53+00:00,1435469164248854533,"Iâ€™m hosting several #CA08 community coffees tomorrow. If you havenâ€™t already, please RSVP for a nearby event. Iâ€™m looking forward to speaking with you in person!

Yucca Valley:
https://t.co/lOgcYMbNJ3

Twentynine Palms:
https://t.co/MffCCatR8E

Hesperia:
https://t.co/xCMZJ8an8K https://t.co/Wv4wAk9gAo",JayObernolte
199,2021-09-08 02:48:10+00:00,1435434761535721475,Thank you to all who joined me in Apple Valley for our community coffee this evening. I enjoyed answering everyoneâ€™s questions. https://t.co/ijM68ExDgh,JayObernolte
200,2021-09-07 20:44:37+00:00,1435343269152509956,We had great questions on issues from illegal marijuana grows to Afghanistan at todayâ€™s Adelanto community coffee! I look forward to speaking to more of you in person in Apple Valley. https://t.co/mYgeJ6ToTU,JayObernolte
201,2021-09-07 18:02:27+00:00,1435302457995776005,"Thank you to everyone who attended my Victorville community coffee this morning! Next stop, Adelanto. https://t.co/XPQ4bwuQPy",JayObernolte
202,2021-09-06 20:45:00+00:00,1434980978800406534,Heather and I would like to wish a happy Labor Day to all of #CA08â€™s workers! Thank you for all you do to keep our economy strong. https://t.co/bmOmNR6Yco,JayObernolte
203,2021-09-06 16:19:40+00:00,1434914202787921924,We must improve forest management practices to prevent these shutdowns and provide support to our local businesses who are struggling as a result. https://t.co/Sf0Ir2v2Ps,JayObernolte
204,2021-09-06 16:19:39+00:00,1434914201043099652,"I met with US Forest Service leaders to discuss the closure of our National Forests. Safety must be our top priority, but this closure occurring just before Labor Day is causing serious economic harm in #CA08.",JayObernolte
205,2021-09-04 02:36:48+00:00,1433982347225993219,Yesterday I once again testified at an Orange County court hearing to block the placement of a child rapist into our community. We are not a dumping ground for other countyâ€™s violent predators!  Thank you to all who came together to make our voices heard. https://t.co/JS0Nd6wBAQ https://t.co/bSxBJUES0r,JayObernolte
206,2021-09-03 14:52:45+00:00,1433805169674919939,"I enjoyed speaking to so many of you at my Community Coffee in Mammoth this week. Thank you to all who came out to discuss the National Forest closure, wildfires, federal spending, illegal marijuana grows, and other issues facing our community. https://t.co/sswEDOTAlG",JayObernolte
207,2021-09-01 17:59:44+00:00,1433127448154099713,"I am looking forward to todayâ€™s Community Coffee in Mammoth! If you havenâ€™t registered already, please do so at the link here to ensure we have room for everyone. I look forward to speaking with you in person. https://t.co/KFXnypKnF8 https://t.co/JrTe3ZZ89k",JayObernolte
208,2021-08-31 16:02:00+00:00,1432735431070830592,"I spoke at a press conference last week on behalf of the thousands of #CA08 residents concerned with the House-passed plan for trillions in new spending. It's time to get our fiscal house in order, not to burden generations to come with inflation and debt. https://t.co/4B1209g9C3",JayObernolte
209,2021-08-31 00:28:24+00:00,1432500484712144897,"I enjoyed meeting with Mono County representatives recently to discuss the unique problems facing CA-08â€™s most northern county, especially the lack of affordable housing. These conversations are crucial to finding ways we can work together to improve our community.",JayObernolte
210,2021-08-27 02:52:40+00:00,1431087237555531777,This morningâ€™s attack at the Kabul airport is a tragedy that stems directly from the chaos of this withdraw &amp; evacuation effort over the past several weeks. We must immediately use the full force of American strength to get our citizens &amp; allies to safety. My full statement: https://t.co/QuvsqJ95Gq,JayObernolte
211,2021-08-26 14:52:18+00:00,1430905950571884552,Heather and I are praying for our troops and the Americans and Afghan allies who were killed and injured outside the Kabul airport. https://t.co/gg1e5DoK0I,JayObernolte
212,2021-08-24 23:17:34+00:00,1430308330615058433,"Today the House of Reps passed a $3.5 trillion spending bill (the largest in congressional history) without a single minute of debate. This is the epitome of unaccountable governance. Americans deserve better, and I will continue to fight for responsible government spending.",JayObernolte
213,2021-08-22 22:04:47+00:00,1429565236399546376,The Federal government must step in to help our law enforcement agencies eliminate the large-scale illegal marijuana grow crisis in Southern California and the cloud of organized crime that surrounds them. Read more about how in my op-ed to @sbsun here: https://t.co/I323UjlSYd,JayObernolte
214,2021-08-21 02:15:05+00:00,1428903454454452225,"We must do more to ensure the safe evacuation of Americans and our Afghan allies from Kabul, which includes making sure these individuals can safely travel to the airport for evacuation.",JayObernolte
215,2021-08-21 02:15:03+00:00,1428903445860429826,"This afternoon I received a briefing from Sec. Blinken, Sec. Austin and Gen. Milley on the crisis in Afghanistan. The American people &amp; our veterans deserve a full accounting of the diplomatic, defense, and intelligence failures that led to the catastrophe occurring there today.",JayObernolte
216,2021-08-20 20:28:46+00:00,1428816299879194628,"SB Co. has seen 3 LEOs shot in the past 2 days by a known violent criminal. Tragically, this is a growing trend- the # of these events increased &gt;30% in CA last year. This cannot continue! Our state &amp; nation must put the safety of our communities first &amp; enforce the rule of law. https://t.co/WAtgv44OUQ",JayObernolte
217,2021-08-18 17:23:44+00:00,1428044958242639884,"Monday's constituent coffee in Bishop featured robust discussion about government spending, inflation, and the national debt. Thank you to everyone who attended to share their views with me. https://t.co/WPZcbrO0Iz",JayObernolte
218,2021-08-16 13:44:49+00:00,1427265092245204994,"If you are in Bishop today, be sure to stop by constituent coffee from 3:00 to 4:00pm at the Inyo County Office Building!  Please RSVP at the link here: https://t.co/gXMr5IGriK https://t.co/OEwCb5GkPO",JayObernolte
219,2021-08-15 22:50:25+00:00,1427040007366250498,"Most of our brave men and women who served in Afghanistan called #CA08 home at some point. As we witness the conclusion of America's longest war, let us not forget to thank them for their service and their sacrifice.",JayObernolte
220,2021-08-13 17:13:58+00:00,1426230562201669637,Southern California is playing a critical role in the next wave of space exploration. I was proud to tour the Mojave Air and Spaceport and their low earth orbit passenger rocket recently to learn about local innovation at its finest! https://t.co/V3ZcHEAUg4,JayObernolte
221,2021-08-13 03:08:57+00:00,1426017905876115456,"I recently toured the Replenish Big Bear project to discuss efforts to conserve local water resources and keep the lake and aquifers healthy &amp; strong. $960,000 in funding I requested for this project recently passed the House. Learn more here: https://t.co/qZugSFEeJt https://t.co/XiPaJsO2jk",JayObernolte
222,2021-08-12 00:56:35+00:00,1425622207619903491,"I enjoyed meeting with Barstow Mayor Paul Courtney to discuss funding for replacing existing bridges on North First Avenue over the Mojave river and Mojave River Overflow, among other community initiatives. Working together is critical to supporting our community! https://t.co/f1Aq6uUb60",JayObernolte
223,2021-08-09 17:18:37+00:00,1424782180522278916,Infrastructure should be a bipartisan issue â€“ but our government has spent so much money over the past year that we all should be questioning whether adding an additional $256B to the deficit is wise. More from @newsmax here: https://t.co/IHPhJp0tR9,JayObernolte
224,2021-08-08 20:13:12+00:00,1424463727588519936,Congratulations to Apple Valleyâ€™s Megan Jastrab on winning the bronze medal in her Olympic debut. #CA08 is proud of you! https://t.co/i4yBa0QmyX,JayObernolte
225,2021-08-07 17:50:41+00:00,1424065475894468613,"Today I am proud to join our nation in recognizing those who have given of themselves in defense of our freedom. Thank you to all who have served, sacrificed, and died for this great nation. https://t.co/dNNk3A7aDf",JayObernolte
226,2021-08-06 14:38:26+00:00,1423654705381662721,The message was clear at this week's community meeting in Newberry Springs - our community should not be the dumping ground for other county's sexually violent predators. I will fight to prevent Orange County from releasing this violent criminal into our neighborhood. https://t.co/nX48ANMDBS,JayObernolte
227,2021-08-04 20:23:10+00:00,1423016685443895296,"Thank you to all who came out last night to the Lucerne Valley Economic Development Association Town Hall to discuss the threat from illegal marijuana cultivation in our communities. This is a major crisis, and I am committed to doing all I can to shut these grows down. https://t.co/NLcbzqfkIJ",JayObernolte
228,2021-08-04 16:15:37+00:00,1422954385169133568,"Happy Birthday to the United States Coast Guard! The Coast Guard has kept our nationâ€™s waterways safe since 1790, and currently plays a major role in patrolling our coasts to counter drug and human trafficking and international terrorism. Semper Paratus! https://t.co/5mtclultGB",JayObernolte
229,2021-08-03 22:50:05+00:00,1422691267360722960,It has never been more important to build police-community relationships and neighborhood camaraderie. Join @SBCountySheriff and local law enforcement for National Night Out tonight to celebrate our communities and the people who keep them safe! https://t.co/9yqeb0VEGW,JayObernolte
230,2021-08-02 20:28:07+00:00,1422293153298718722,"Some in Congress are calling for $3.5T in new spending, but the GAO just confirmed over $1T in relief aid remains unspent. Meanwhile, #CA08 is paying more at the pump &amp; the store as inflation spirals. Unchecked govt spending must end to get us back on track towards recovery. https://t.co/0GaokevSmT",JayObernolte
231,2021-07-30 13:56:53+00:00,1421107534417563654,"More than 80 million acres of national forests are overgrown, fire-prone and in dire need of active management. My SALVAGE Act along with the Resilient Federal Forests Act will dramatically decrease our vulnerability to wildfires. Learn more here: https://t.co/81T9F2DoCF https://t.co/UTIKGZ8kYp",JayObernolte
232,2021-07-28 13:54:00+00:00,1420382030836101127,I was proud to join my Natural Resources Committee colleagues to introduce the Resilient Federal Forests Act - a major piece of legislation designed to prevent catastrophic wildfires and improve forest health. Learn more about this important bill here: https://t.co/81T9F2UZud https://t.co/1uwWdh7gXB,JayObernolte
233,2021-07-27 23:31:44+00:00,1420165036677472258,#CA08 is proud to support our two local Olympians! Rachel McCoy from the Inland Empire will be competing in the high jump this week while Megan Jastrab from Apple Valley will compete in track cycling events beginning next week. Good luck to these talented athletes!,JayObernolte
234,2021-07-23 15:38:12+00:00,1418596313906749441,"Californiaâ€™s 8th District should not be a home for other countyâ€™s predators, and I will once again do everything in my power to fight against this unfair placement.",JayObernolte
235,2021-07-23 15:38:11+00:00,1418596312157655041,The community of Newberry Springs is already facing public safety concerns due to the outbreak of large-scale illegal marijuana grows.  Releasing a violent rapist into this community now just seems cruel.,JayObernolte
236,2021-07-23 15:38:11+00:00,1418596310148657152,I am extremely disappointed by the news that the company in charge of Mr. Rhoden's placement has once again attempted to make rural SB County the dumping ground for sexually violent predators by proposing Newberry Springs as the new home for this criminal. https://t.co/OZKZdmv477,JayObernolte
237,2021-07-23 15:35:29+00:00,1418595631162085376,"Californiaâ€™s 8th District should not be a home for other countyâ€™s predators, and I will once again do everything in my power to fight against this unfair placement.",JayObernolte
238,2021-07-23 15:35:29+00:00,1418595630168035328,The community of Newberry Springs is already facing public safety concerns due to the outbreak of large-scale illegal marijuana grows.  Releasing a violent rapist into this community now just seems cruel.,JayObernolte
239,2021-07-21 16:13:56+00:00,1417880532457828359,"The best way to stop wildfires is through comprehensive forest management, but often federal regulations designed to protect our public lands end up preventing actions to protect our communities. I introduced the Salvage Act today to address this problem. https://t.co/MYT3zliIM8 https://t.co/Wo28VRMT6c",JayObernolte
240,2021-07-19 19:55:15+00:00,1417211450913918977,I voted â€œyesâ€ recently on bill to improve public health data access for American Indian tribes. The COVID-19 pandemic highlighted healthcare hardships that many #CA08 tribal communities are faced with. Ensuring access to this data will help improve care in our tribal communities.,JayObernolte
241,2021-07-16 18:45:37+00:00,1416106766920781827,Congratulations to @sheriffmcmahon on his official retirement as @SBcountysheriff! I was honored to recognize his accomplishments on the floor of the U.S. House of Representatives and thank him for his dedicated years of service. Watch the video below. https://t.co/a7fFQ2uehs,JayObernolte
242,2021-07-16 14:18:57+00:00,1416039654474887169,"Heather &amp; I were profoundly saddened by the loss of Jerry Lewis. Jerry selflessly represented San Bernardino County in a number of capacities, including in Congress. His legacy of public service &amp; his accomplishments for the people he served will live on for generations to come.",JayObernolte
243,2021-07-15 17:44:52+00:00,1415729090041110531,I enjoyed meeting with officers from FCI Victorville to discuss challenges facing our district. Iâ€™m proud to work alongside our law enforcement community to keep #CA08 safe. https://t.co/cS0xTxESrt,JayObernolte
244,2021-07-14 23:54:14+00:00,1415459653501300741,I sent a second letter to Attorney General Merrick Garland today requesting his continued assistance to support local law enforcement in shutting down illegal grow sites and prosecuting the criminal organizations responsible. Read the full letter here: https://t.co/15XPGmrcRP,JayObernolte
245,2021-07-14 23:53:41+00:00,1415459518692081664,"The illegal marijuana cultivation crisis in #CA08 remains unacceptable, as I saw firsthand from the air over Phelan and El Mirage this weekend. These grows are major risks to public safety and consume over 3 million gallons of Californiaâ€™s water every day. https://t.co/KfVXTe3D05",JayObernolte
246,2021-07-14 20:33:55+00:00,1415409242887098372,It was great meeting with Yucca Valley Mayor Merl Abel to discuss ways we can work together to improve the Morongo Basin. I look forward to continuing to work with him and the entire community to ensure our needs are met! https://t.co/7eEm1YWnUK,JayObernolte
247,2021-07-13 17:00:21+00:00,1414993108769591305,"I was proud to vote â€œyesâ€ recently on a bill to make it a federal crime to knowingly defraud an individual of veteransâ€™ benefits. Scams against our veterans occur far too often, and those who seek to take advantage of our veterans deserve serious consequences.",JayObernolte
248,2021-07-12 14:27:56+00:00,1414592365139042305,"I recently voted â€œyesâ€ on a bill to authorize states to use DOE funding to secure our energy infrastructure from cyber attacks. The recent Colonial Pipeline hack highlighted serious problems, and it is critical we take action now to protect our energy infrastructure.",JayObernolte
249,2021-07-11 03:51:38+00:00,1414069846426402816,I was honored to join the Phelan community today for a town hall on the growing problem of illegal marijuana cultivation in our community. I am committed to working with our federal and local partners to address this crisis and keep our communities safe. https://t.co/LhUnQJfydl,JayObernolte
250,2021-07-09 21:04:45+00:00,1413605065693224961,I joined z107.7 live this morning to talk about my work for #CA08 and issues specific to the Morongo Basin area. Tune in here: https://t.co/arCyU9NoX0,JayObernolte
